clip,true,Hao baseline,V1.4 BiLSTM-CNN,V2.0 ST-GCN,V2.4 MS-G3D,Ens V2.3 (V1.4+V2.0),Ens (V1.4+V2.4)
normal/normal-10.csv,0,0.4218065,0.42212307,0.2790776,0.3681434,0.35060036,0.39513323
normal/normal-12.csv,0,0.0053280797,0.28380015,0.094135955,0.19996029,0.18896806,0.24188024
normal/normal-14.csv,0,0.24907115,0.2948596,0.15966868,0.24261431,0.22726414,0.26873696
normal/normal-15.csv,0,0.8752252,0.38427538,0.24982475,0.65882635,0.31705004,0.52155083
normal/normal-16.csv,0,0.6194996,0.30063507,0.3290893,0.5062151,0.3148622,0.4034251
normal/normal-18.csv,0,0.7799705,0.4693238,0.2783718,0.45008436,0.37384784,0.4597041
normal/normal-19.csv,0,0.4347307,0.3103841,0.32145864,0.49224544,0.31592137,0.40131477
normal/normal-2.csv,0,0.62209374,0.3947721,0.2797075,0.41210425,0.3372398,0.40343815
normal/normal-20.csv,0,0.33494508,0.26646522,0.33065704,0.5991066,0.29856116,0.4327859
normal/normal-21.csv,0,0.9501808,0.65368855,0.21879119,0.8358651,0.4362399,0.74477684
normal/normal-22.csv,0,0.30688092,0.26327094,0.24297301,0.2032368,0.25312197,0.23325385
normal/normal-23.csv,0,0.5613298,0.32951713,0.1531801,0.58461154,0.2413486,0.45706433
normal/normal-24.csv,0,0.92116094,0.39683548,0.34999347,0.6213216,0.37341446,0.50907856
normal/normal-26.csv,0,8.663885e-05,0.21816209,0.4817195,0.114683546,0.34994078,0.16642281
normal/normal-27.csv,0,0.3634718,0.22013497,0.28530958,0.365875,0.25272226,0.293005
normal/normal-3.csv,0,0.37179717,0.41900793,0.20327686,0.45932716,0.31114239,0.4391676
normal/normal-31.csv,0,0.6741815,0.38770637,0.27566272,0.40113735,0.33168456,0.39442188
normal/normal-32.csv,0,0.45259625,0.4302905,0.32289046,0.5526917,0.3765905,0.4914911
normal/normal-33.csv,0,0.46546882,0.4299026,0.20007202,0.40945378,0.3149873,0.4196782
normal/normal-34.csv,0,0.55707324,0.3944754,0.15504457,0.47214535,0.27475998,0.43331036
normal/normal-35.csv,0,0.28027007,0.32459116,0.27005515,0.4153664,0.29732317,0.3699788
normal/normal-37.csv,0,0.7285358,0.34322804,0.16072473,0.59009707,0.2519764,0.46666256
normal/normal-4.csv,0,0.4230787,0.48171452,0.20681135,0.545839,0.34426296,0.5137767
normal/normal-40.csv,0,0.98008424,0.53398937,0.19858491,0.6777155,0.3662871,0.60585237
normal/normal-41.csv,0,0.60340756,0.21187162,0.17421436,0.5684398,0.193043,0.3901557
normal/normal-43.csv,0,0.6537395,0.32957608,0.21843114,0.5696898,0.2740036,0.44963297
normal/normal-44.csv,0,0.4436232,0.3778232,0.19825232,0.3885861,0.28803775,0.38320464
normal/normal-45.csv,0,0.95419323,0.5530177,0.30171096,0.6836897,0.42736432,0.61835366
normal/normal-47.csv,0,0.6346051,0.40269336,0.27777147,0.4636981,0.34023243,0.4331957
normal/normal-48.csv,0,0.7540668,0.4172313,0.2762378,0.43343157,0.34673452,0.42533144
normal/normal-49.csv,0,0.55789214,0.34819084,0.33347556,0.6736505,0.34083325,0.5109207
normal/normal-5.csv,0,0.35547036,0.14597219,0.20420393,0.22030014,0.17508806,0.18313617
normal/normal-50.csv,0,0.92814094,0.3335086,0.34825465,0.6642101,0.34088165,0.49885935
normal/normal-51.csv,0,0.92814094,0.3335086,0.34825465,0.6642101,0.34088165,0.49885935
normal/normal-52.csv,0,0.4436232,0.3778232,0.19825232,0.3885861,0.28803775,0.38320464
normal/normal-53.csv,0,0.22443284,0.24605922,0.3068594,0.45792514,0.27645934,0.3519922
normal/normal-54.csv,0,0.42104882,0.45255792,0.1941198,0.4474606,0.32333887,0.4500093
normal/normal-55.csv,0,0.1964531,0.46088988,0.32339594,0.43174943,0.3921429,0.4463197
normal/normal-56.csv,0,0.1964531,0.46088988,0.32339594,0.43174943,0.3921429,0.4463197
normal/normal-57.csv,0,0.044295177,0.33147725,0.09974957,0.31869948,0.21561341,0.32508835
normal/normal-58.csv,0,0.4457659,0.24025208,0.18308434,0.26603284,0.21166821,0.25314248
normal/normal-59.csv,0,0.375493,0.12963942,0.19946678,0.212969,0.1645531,0.17130421
normal/normal-6.csv,0,0.86010766,0.50321144,0.22015378,0.7328611,0.36168265,0.61803627
normal/normal-60.csv,0,0.3966487,0.31702435,0.15240657,0.14459042,0.23471546,0.2308074
normal/normal-61.csv,0,0.4085737,0.2559544,0.15989953,0.29807755,0.20792696,0.27701595
normal/normal-62.csv,0,0.35015675,0.14546534,0.2039897,0.21717025,0.17472753,0.18131779
normal/normal-63.csv,0,0.32052603,0.2205959,0.23819865,0.22974974,0.22939727,0.22517282
normal/normal-64.csv,0,0.2709515,0.28087765,0.16825996,0.1230683,0.22456878,0.20197296
normal/normal-65.csv,0,0.47828186,0.34421024,0.15128347,0.44586208,0.24774684,0.39503613
normal/normal-66.csv,0,0.66768646,0.43723932,0.2680452,0.50591326,0.35264224,0.4715763
normal/normal-67.csv,0,0.70901024,0.45085585,0.2574523,0.61019194,0.35415405,0.5305239
normal/normal-68.csv,0,0.73464376,0.4558677,0.2164847,0.7700495,0.33617622,0.61295867
normal/normal-69.csv,0,0.3906278,0.36323178,0.21957302,0.5627874,0.2914024,0.46300957
normal/normal-7.csv,0,0.3908872,0.39920935,0.13263324,0.3097957,0.2659213,0.35450253
normal/normal-70.csv,0,0.33727032,0.45300165,0.1149359,0.3110768,0.28396878,0.38203922
normal/normal-71.csv,0,0.2609751,0.36484995,0.17384897,0.35447934,0.26934946,0.35966465
normal/normal-72.csv,0,0.4077697,0.39422253,0.2100665,0.39978912,0.3021445,0.39700583
normal/normal-73.csv,0,0.64990234,0.43464357,0.3124639,0.5009818,0.37355372,0.4678127
normal/normal-74.csv,0,0.2955624,0.34679765,0.17703426,0.38343662,0.26191598,0.36511713
normal/normal-75.csv,0,0.5035064,0.26769674,0.15147053,0.2122609,0.20958364,0.23997882
normal/normal-76.csv,0,0.7221247,0.35826996,0.23095736,0.22731689,0.29461366,0.2927934
normal/normal-77.csv,0,0.36625636,0.30272806,0.18977326,0.20320927,0.24625066,0.25296867
normal/normal-78.csv,0,0.5539615,0.35527942,0.32663184,0.36923885,0.34095564,0.36225915
normal/normal-79.csv,0,0.4268471,0.3371583,0.2881964,0.24074388,0.31267732,0.28895107
normal/normal-8.csv,0,0.7853565,0.35202986,0.24289219,0.1989126,0.29746097,0.2754712
normal/normal-80.csv,0,0.45949802,0.2822199,0.33078277,0.2735379,0.3065013,0.27787888
normal/normal-81.csv,0,0.37453005,0.26208818,0.3064431,0.27095345,0.28426564,0.26652083
normal/normal-82.csv,0,0.38377336,0.45953184,0.26063535,0.3797249,0.36008358,0.41962838
normal/normal-83.csv,0,0.30478925,0.35633945,0.116583064,0.23316893,0.23646127,0.2947542
normal/normal-84.csv,0,0.3914822,0.40370807,0.21606167,0.27526948,0.30988488,0.33948877
normal/normal-86.csv,0,0.46888244,0.19598599,0.122170344,0.5644618,0.15907817,0.3802239
normal/normal-87.csv,0,0.14201988,0.19710545,0.094497934,0.4173712,0.1458017,0.30723834
normal/normal-88.csv,0,0.38996804,0.22740413,0.039309837,0.3636474,0.13335699,0.2955258
normal/normal-89.csv,0,0.6539543,0.3439147,0.2243111,0.45785457,0.2841129,0.40088463
normal/normal-9.csv,0,0.5107457,0.29897642,0.28321558,0.27527744,0.291096,0.28712696
normal/normal-90.csv,0,0.9153704,0.380337,0.30871174,0.544419,0.34452435,0.46237797
shoplifting/shoplifting-1.csv,1,0.9681209,0.5871312,0.3262408,0.57077235,0.456686,0.5789518
shoplifting/shoplifting-10.csv,1,0.80362177,0.7113689,0.2838851,0.13899583,0.49762696,0.42518234
shoplifting/shoplifting-11.csv,1,0.98867065,0.7536438,0.3542256,0.66523635,0.5539347,0.70944
shoplifting/shoplifting-12.csv,1,0.8667397,0.7504413,0.36245507,0.5078924,0.5564482,0.62916684
shoplifting/shoplifting-13.csv,1,0.84937114,0.63694453,0.44855213,0.73317385,0.54274833,0.68505913
shoplifting/shoplifting-14.csv,1,0.9841027,0.6131749,0.47911984,0.69179857,0.54614735,0.6524868
shoplifting/shoplifting-15.csv,1,0.9658717,0.68617594,0.32367295,0.7629206,0.5049245,0.7245483
shoplifting/shoplifting-16.csv,1,0.996179,0.73265564,0.37660062,0.52054167,0.55462813,0.62659866
shoplifting/shoplifting-17.csv,1,0.9573699,0.64869666,0.33329985,0.6172745,0.49099827,0.6329856
shoplifting/shoplifting-18.csv,1,0.8925702,0.68967414,0.5379292,0.7472098,0.6138017,0.71844196
shoplifting/shoplifting-19.csv,1,0.9761167,0.7152142,0.39634857,0.55640644,0.55578136,0.6358103
shoplifting/shoplifting-20.csv,1,0.99453187,0.67359567,0.40829477,0.5066755,0.5409452,0.5901356
shoplifting/shoplifting-21.csv,1,0.9356415,0.33333868,0.3494436,0.66790307,0.34139115,0.50062084
shoplifting/shoplifting-22.csv,1,0.9860941,0.66471875,0.5857023,0.7550889,0.6252105,0.70990384
shoplifting/shoplifting-23.csv,1,0.9966113,0.7810773,0.39394066,0.62374234,0.587509,0.70240986
shoplifting/shoplifting-24.csv,1,0.98729944,0.6202025,0.29825184,0.7894224,0.45922714,0.7048124
shoplifting/shoplifting-25.csv,1,0.8925067,0.5730822,0.49477515,0.49672768,0.53392863,0.53490496
shoplifting/shoplifting-26.csv,1,0.9793316,0.66770494,0.4610842,0.8007279,0.5643946,0.73421645
shoplifting/shoplifting-27.csv,1,0.90384614,0.64562106,0.5199932,0.6975622,0.5828071,0.67159164
shoplifting/shoplifting-28.csv,1,0.9642296,0.6986253,0.4452136,0.697802,0.5719195,0.6982137
shoplifting/shoplifting-29.csv,1,0.67189,0.62566775,0.45491326,0.4776236,0.54029053,0.5516457
shoplifting/shoplifting-3.csv,1,0.9786198,0.73823076,0.40468222,0.79581475,0.5714565,0.7670228
shoplifting/shoplifting-30.csv,1,0.8021039,0.5829023,0.36478257,0.712255,0.47384244,0.64757866
shoplifting/shoplifting-36.csv,1,0.9874849,0.78731,0.34695467,0.7288709,0.5671323,0.7580905
shoplifting/shoplifting-39.csv,1,0.9735387,0.6075862,0.3784344,0.6571247,0.4930103,0.63235545
shoplifting/shoplifting-40.csv,1,0.9515321,0.53293514,0.4151315,0.7139788,0.4740333,0.62345695
shoplifting/shoplifting-41.csv,1,0.97130346,0.62486875,0.34781855,0.61034274,0.48634368,0.61760575
shoplifting/shoplifting-42.csv,1,0.9994514,0.89674747,0.55557805,0.5882889,0.72616273,0.7425182
shoplifting/shoplifting-43.csv,1,0.8699608,0.6356444,0.19529514,0.5416815,0.41546977,0.588663
shoplifting/shoplifting-44.csv,1,0.9275566,0.6353807,0.2720003,0.6774919,0.45369053,0.65643626
shoplifting/shoplifting-45.csv,1,0.92160463,0.61067605,0.16395502,0.49310097,0.3873155,0.55188847
shoplifting/shoplifting-46.csv,1,0.72074825,0.33699647,0.11500166,0.62081945,0.22599906,0.47890794
shoplifting/shoplifting-48.csv,1,0.97704494,0.5842955,0.29010233,0.5490514,0.4371989,0.56667346
shoplifting/shoplifting-5.csv,1,0.71996146,0.47252136,0.23231997,0.6671756,0.3524207,0.5698485
shoplifting/shoplifting-51.csv,1,0.94448495,0.69393134,0.45118135,0.6798161,0.5725563,0.68687373
shoplifting/shoplifting-52.csv,1,0.9628284,0.64819705,0.3554575,0.66434073,0.5018273,0.65626884
shoplifting/shoplifting-53.csv,1,0.98169166,0.69390893,0.38464054,0.75083995,0.5392747,0.72237444
shoplifting/shoplifting-54.csv,1,0.98611385,0.71037644,0.3955892,0.65952235,0.55298287,0.6849494
shoplifting/shoplifting-55.csv,1,0.9769201,0.63943624,0.35486367,0.49488765,0.49714994,0.5671619
shoplifting/shoplifting-56.csv,1,0.9707234,0.6250919,0.40832564,0.77834743,0.5167088,0.7017197
shoplifting/shoplifting-57.csv,1,0.9791682,0.6555768,0.42361885,0.7930313,0.5395978,0.7243041
shoplifting/shoplifting-58.csv,1,0.8545827,0.48978204,0.28457594,0.4629767,0.38717902,0.4763794
shoplifting/shoplifting-59.csv,1,0.83250415,0.42917514,0.27303272,0.5026648,0.35110393,0.46591997
shoplifting/shoplifting-60.csv,1,0.7677594,0.7300942,0.27837676,0.13055727,0.5042355,0.43032578
shoplifting/shoplifting-61.csv,1,0.8759537,0.6960379,0.28212625,0.6767911,0.48908207,0.6864145
shoplifting/shoplifting-62.csv,1,0.91399217,0.7119658,0.3121965,0.6557297,0.51208115,0.6838478
shoplifting/shoplifting-63.csv,1,0.8642645,0.7336947,0.3918218,0.5322287,0.5627582,0.63296175
shoplifting/shoplifting-64.csv,1,0.8109937,0.7339723,0.35127005,0.5006946,0.54262125,0.6173335
shoplifting/shoplifting-65.csv,1,0.9397508,0.6504304,0.4089541,0.7638421,0.52969223,0.7071363
shoplifting/shoplifting-66.csv,1,0.787578,0.642242,0.4175677,0.6479399,0.52990484,0.64509094
shoplifting/shoplifting-67.csv,1,0.73968506,0.5962535,0.47345215,0.7275985,0.5348528,0.661926
shoplifting/shoplifting-68.csv,1,0.6745793,0.61062086,0.3583932,0.6482837,0.48450702,0.6294523
shoplifting/shoplifting-69.csv,1,0.82860065,0.63340497,0.36851603,0.71472234,0.5009605,0.6740637
shoplifting/shoplifting-7.csv,1,0.9623198,0.6673818,0.45910412,0.7902357,0.563243,0.72880876
shoplifting/shoplifting-70.csv,1,0.7332738,0.5865573,0.30651426,0.6342132,0.44653583,0.6103853
shoplifting/shoplifting-71.csv,1,0.74747455,0.58926994,0.24638423,0.7926779,0.41782707,0.6909739
shoplifting/shoplifting-72.csv,1,0.99161035,0.7411878,0.46304888,0.7144203,0.6021184,0.72780406
shoplifting/shoplifting-73.csv,1,0.970983,0.68351793,0.4946328,0.8175454,0.5890754,0.7505317
shoplifting/shoplifting-74.csv,1,0.9979422,0.6851511,0.6313757,0.7657584,0.6582634,0.7254548
shoplifting/shoplifting-75.csv,1,0.96611077,0.62954897,0.38155356,0.81363153,0.5055513,0.72159034
shoplifting/shoplifting-76.csv,1,0.99435586,0.58748126,0.58742213,0.68333644,0.58745164,0.63540876
shoplifting/shoplifting-77.csv,1,0.8984943,0.6289351,0.29061767,0.6161698,0.4597764,0.6225525
shoplifting/shoplifting-78.csv,1,0.99480766,0.7501079,0.2993412,0.71191025,0.52472454,0.731009
shoplifting/shoplifting-79.csv,1,0.9679421,0.43339944,0.4238351,0.4457944,0.4286173,0.43959695
shoplifting/shoplifting-8.csv,1,0.9588892,0.58380836,0.33904484,0.71662974,0.46142656,0.650219
shoplifting/shoplifting-80.csv,1,0.9991135,0.82397604,0.5488992,0.80639434,0.6864376,0.8151851
shoplifting/shoplifting-81.csv,1,0.9978547,0.8000951,0.5830365,0.6928923,0.69156575,0.7464937
shoplifting/shoplifting-82.csv,1,0.99678105,0.7690638,0.528222,0.6102456,0.6486429,0.68965465
shoplifting/shoplifting-83.csv,1,0.99927366,0.8214985,0.50157857,0.91823786,0.66153854,0.86986816
shoplifting/shoplifting-84.csv,1,0.90704703,0.61655235,0.42976108,0.67434853,0.52315676,0.6454504
shoplifting/shoplifting-85.csv,1,0.9815516,0.6706595,0.584878,0.70468307,0.62776875,0.68767136
shoplifting/shoplifting-86.csv,1,0.99517184,0.67941463,0.5832679,0.7778104,0.6313413,0.7286125
shoplifting/shoplifting-87.csv,1,0.93862385,0.65845656,0.3546314,0.5151282,0.506544,0.5867923
shoplifting/shoplifting-88.csv,1,0.7962581,0.44816107,0.30050376,0.6178083,0.37433243,0.5329847
shoplifting/shoplifting-89.csv,1,0.9020182,0.61706656,0.3616411,0.7168799,0.48935387,0.6669733
shoplifting/shoplifting-9.csv,1,0.9927652,0.67094064,0.38816565,0.7243692,0.5295532,0.69765496
shoplifting/shoplifting-90.csv,1,0.8854364,0.5741955,0.29827124,0.71524674,0.43623337,0.64472115
shoplifting/shoplifting-92.csv,1,0.97872305,0.50511885,0.31330642,0.556666,0.40921268,0.5308925
shoplifting/shoplifting-93.csv,1,0.93722034,0.5439297,0.30532077,0.59021956,0.42462525,0.56707454
